{"2bit_encode": [
   "ZW_FV303.STATUS",
   "ZW_FIC201_P.Auto",
   "ZW_FV101.STATUS",
   "DO_FV801A",
   "DO_FV304",
   "DO_FV200",
   "ZW_FIC101_P.ProgManualReq",
   "ZW_FIC101_P.Auto",
   "DO_FV603",
   "ZW_FV601.STATUS",
   "DO_FV801C",
   "DO_FV201",
   "DO_FV101",
   "ZW_FV200.STATUS",
   "DO_PV100",
   "DO_FV302",
   "DO_FV203",
   "DO_FV601",
   "ZW_FV801C.STATUS",
   "ZW_FV520.STATUS",
   "ZW_FV201.STATUS",
   "ZW_FV304.STATUS",
   "ZW_FV902.STATUS",
   "ZW_FV401A.STATUS",
   "ZW_FV301.STATUS",
   "ZW_FV901.STATUS",
   "ZW_FV603.STATUS",
   "DO_FV202",
   "ZW_FIC301_P.Auto",
   "ZW_FV202.STATUS",
   "ZW_FV801A.STATUS",
   "DO_FV303",
   "ZW_FV110.STATUS",
   "DO_FV110",
   "ZW_FIC201_P.ProgManualReq",
   "DO_FV801B",
   "ZW_FIC301_P.ProgManualReq",
   "DO_FV401A",
   "ZW_FV203.STATUS",
   "ZW_FV801B.STATUS",
   "ZW_FV310.STATUS",
   "ZW_MX101.SCOUTPUT",
   "DO_FV301",
   "ZW_FV220.STATUS",
   "ZW_FV302.STATUS",
   "ZW_PROD_SP.KY1$20"],
  "categorical": {"ZW_CTRL.MODE": [1, 2, 3, 4, 5, 13, 31, 32, 33, 45, 61, 83],
    "ZW_PROD_SP.KY1": [0, 10, 20]},

  "numerical": {"ZW_PHIT520.DATA": [0.0, 6.99],
    "ZW_PIT520.DATA": [-7.1856313, 19.744865],
    "SYSTEM.PLC_TIME_P.SYNC_BLOCK_TMR.ACC": [0.0, 119965.0],
    "ZW_PX760.DOSMAX": [0.0, 10.0],
    "ZW_PHIT510.DATA": [-1.0, 7.3],
    "ZW_FIT201.DATA": [-0.001183, 1.136863],
    "ZW_FV303.STATUS": [0.0, 1.0],
    "ZW_FIC201_P.Auto": [0.0, 1.0],
    "ZW_FIC101_P.PV": [-0.021099063, 1.91193],
    "ZW_FV101.STATUS": [0.0, 1.0],
    "ZW_FIC301_P.PV": [-0.021493437, 1.1987028],
    "ZW_FEED_SP.WASTING_SP": [0.85, 0.85],
    "ZW_CIT101.DATA": [0.0, 415.3],
    "ZW_TUIT310.DATA": [-0.5, 0.98375],
    "DO_FV801A": [0.0, 1.0],
    "ZW_PX730.SCOUTPUT": [0.0, 10.0],
    "ZW_PHIT102.DATA": [7.15, 10.24],
    "ZW_FIT301.DATA": [-0.021493437, 1.190421],
    "ZW_LITX710.DATA": [0.0, 32.033947],
    "ZW_LIT301.DATA": [26.416, 2408.936],
    "ZW_CIT520.DATA": [0.0, 225.9],
    "ZW_TCIT520.DATA": [-5.0, 106.25],
    "ZW_PIT300.DATA": [-70.84338, 78.43191],
    "ZW_FIT801.DATA": [-0.0090375, 15.912025],
    "DO_FV304": [0.0, 1.0], "DO_FV200": [0.0, 1.0],
    "ZW_TCIT510.DATA": [-5.0, 106.25],
    "ZW_FIC101_P.ProgManualReq": [0.0, 1.0],
    "ZW_FIC101_P.Auto": [0.0, 1.0],
    "ZW_PIT201.DATA": [-2.6243174, 32.99142],
    "DO_FV603": [0.0, 1.0],
    "ZW_B801.SCOUTPUT": [0.0, 60.0],
    "ZW_TIT601.DATA": [0.0, 12.711647],
    "ZW_FV601.STATUS": [0.0, 1.0],
    "ZW_FIT101.DATA": [-0.021099063, 1.91193],
    "ZW_TIT302.DATA": [0.0, 12.034561],
    "ZW_TUIT101.DATA": [-5.0, 1.4125],
    "ZW_FIT701.DATA": [-0.021493437, 1.2000831],
    "DO_FV801C": [0.0, 1.0],
    "ZW_CIT102.DATA": [0.0, 421.9],
    "DO_FV201": [0.0, 1.0],
    "ZW_PIT101.DATA": [0.0, 80.604034],
    "DO_FV101": [0.0, 1.0],
    "ZW_CIT510.DATA": [-1.0, 240.3],
    "ZW_LIT101.DATA": [474.34503, 797.8219],
    "ZW_PHIT101.DATA": [0.0, 7.58],
    "ZW_LITX730.DATA": [0.0, 56.2889],
    "ZW_FV200.STATUS": [0.0, 1.0],
    "DO_PV100": [0.0, 1.0],
    "ZW_PX730.DOSMAX": [0.0, 10.0],
    "ZW_PX730.AUTO_SP": [0, 10],
    "ZW_TCIT102.DATA": [-5.0, 106.25],
    "ZW_PDI300.DATA": [-90.694244, 61.09945],
    "ZW_LIT301.LYLL38_SP": [0.0, 76.198814],
    "DO_FV302": [0.0, 1.0],
    "DO_FV203": [0.0, 1.0],
    "DO_FV601": [0.0, 1.0],
    "ZW_PIT801.DATA": [0.0, 55.79799],
    "ZW_LITX740.DATA": [-0.1987335, 75.92566],
    "ZW_FIC301_P.SPProg": [0.25, 0.6309013],
    "ZW_FV801C.STATUS": [0.0, 1.0],
    "ZW_FIC201_P.SPProg": [0.0, 0.85],
    "ZW_PX750.DOSMAX": [0.0, 10.0],
    "ZW_FIC201_P.PV": [-0.001183, 1.1297649],
    "ZW_FV520.STATUS": [0.0, 1.0],
    "ZW_FIT801A.DATA": [-0.0030125002, 1.7864125],
    "ZW_PX740.DOSMAX": [0.0, 57.0],
    "ZW_AER.AERATION_MODE": [0.0, 4.0],
    "ZW_FV201.STATUS": [0.0, 1.0],
    "ZW_FV304.STATUS": [0.0, 1.0],
    "ZW_PDI300_MIT.DATA": [-90.694244, 61.09945],
    "ZW_B801.INISCSP": [60.0, 60.0],
    "ZW_FV902.STATUS": [0.0, 1.0],
    "ZW_TIT101.DATA": [0.0, 12.972061],
    "ZW_LITX750.DATA": [44.790745, 57.817253],
    "ZW_P301.INISCSP": [0.0, 30.0],
    "ZW_TUIT220.DATA": [-5.0, 38.59375],
    "ZW_FV401A.STATUS": [0.0, 1.0],
    "ZW_TCIT101.DATA": [-5.0, 106.25],
    "ZW_FV301.STATUS": [0.0, 1.0],
    "ZW_PERM_SP.PROD_SP": [0.25, 0.29999995],
    "ZW_FIT801B.DATA": [-0.0090375, 2.41],
    "ZW_FIC201_P.SPOper": [0.0, 0.85],
    "ZW_FV901.STATUS": [0.0, 1.0],
    "ZW_PHIC102_P.PV": [7.15, 10.24],
    "ZW_FV603.STATUS": [0.0, 1.0],
    "DO_FV202": [0.0, 1.0],
    "ZW_FIC301_P.Auto": [0.0, 1.0],
    "ZW_PX760.SCOUTPUT": [0.0, 10.0],
    "ZW_FIT601.DATA": [-0.021493437, 1.190421],
    "ZW_FV202.STATUS": [0.0, 1.0],
    "ZW_FV801A.STATUS": [0.0, 1.0],
    "DO_FV303": [0.0, 1.0],
    "ZW_P301.SCOUTPUT": [0.0, 100.0],
    "ZW_FV110.STATUS": [0.0, 1.0],
    "ZW_FLIT101.DATA": [-5.0, 0.0],
    "DO_FV110": [0.0, 1.0],
    "ZW_FIC201_P.ProgManualReq": [0.0, 1.0],
    "DO_FV801B": [0.0, 1.0],
    "ZW_DRAIN_SP.FMI3820_SP": [30.0, 30.0],
    "ZW_FIC301_P.ProgManualReq": [0.0, 1.0],
    "DO_FV401A": [0.0, 1.0],
    "ZW_FEED_SP.FEED_SP": [0.0, 0.85],
    "ZW_LITX720.DATA": [8.332612, 8.772664],
    "ZW_FV203.STATUS": [0.0, 1.0],
    "ZW_FV801B.STATUS": [0.0, 1.0],
    "ZW_FLIT102.DATA": [-5.0, 0.0],
    "ZW_FV310.STATUS": [0.0, 1.0],
    "ZW_MX101.SCOUTPUT": [0.0, 70.0],
    "DO_FV301": [0.0, 1.0],
    "SYSTEM.PLC_TIME_P.Month_Val": [0.0, 3.0],
    "ZW_P201.SCOUTPUT": [0.0, 82.192665],
    "ZW_TIT520.DATA": [1.4720402, 13.367897],
    "ZW_PX730.EN_STATUS": [0.0, 1.0],
    "ZW_FV220.STATUS": [0.0, 1.0],
    "ZW_FV302.STATUS": [0.0, 1.0],
    "ZW_TUIT520.DATA": [-5.0, 10.631249],
    "ZW_MX101.INISCSP": [0.0, 70.0],
    "ZW_LITX760.DATA": [37.300385, 43.465855],
    "ZW_FIC301_P.SPOper": [0.0, 0.6309013],
    "ZW_LIT602.DATA": [175.26, 1526.54]},